column,rank,value,count
playlistId,1,3yOcBiQI9LmZjhwLHaFMb1,1000
playlistId,2,2z1auUTY8vcjVwAt45qI5f,1000
playlistId,3,3DCOqBWj1h1pjHu441Wwhb,1000
playlistId,4,3nb82KbbUANZL28xMDgj9F,1000
playlistId,5,18WBB7uEkRUk5zL55iIvbi,1000
playlistId,6,3uUDbouMUzcpFFSdlzeLem,1000
playlistId,7,5TntJWkjK6r3whdE2tfRF7,1000
playlistId,8,1qoRbqjerZAWy1JYxh4WYc,1000
playlistId,9,3Ajb3gkOLdcMbk6QrJfNYe,1000
playlistId,10,4mnyT9P3zdbdk13jHd3jBr,1000
playlistId,11,27bzGnWkZwpeLy5ppR34FU,1000
playlistId,12,02CnkayYl248wEub9gDeD9,1000
playlistId,13,0bRk474nApLnWeA2U7WMgu,1000
playlistId,14,5xBqH6hK8N8eQhJjsIYb0r,1000
playlistId,15,32i36X3KDvN9h1GgQYGutJ,1000
playlistId,16,44czFyJa9pGCHakyo5sYGD,1000
playlistId,17,4adObaJwzT2faPqmXUODLr,1000
playlistId,18,7ciXha49yl0pRP5JxFBGpM,1000
playlistId,19,3HoD9sAn8bkJ7iXTBh60Fe,1000
playlistId,20,1y1ZxCPZFVwynvQItCMZHU,1000
playlistId,21,6GXBw4Y5T77dhX4XvCIbtp,1000
playlistId,22,3zEZzlDdwfiPsUaI4M6bgx,1000
playlistId,23,4XsJzh2HvyUsZkNCqucmJd,1000
playlistId,24,6hxCcONJsp2ht5yOll8GWn,1000
playlistId,25,2oyA3JCLleqfQ5GBMNGmso,1000
playlistId,26,34yhmcStgwNCYdKZtfQMPW,1000
playlistId,27,5NELZ2tP428zwGxQ2XgeSo,1000
playlistId,28,5jEU3ul9s8cCAv3s2o0Dje,1000
playlistId,29,0uEXhUPAWyETYo8tfKvddX,1000
playlistId,30,4gB37CyAdCbncsxN9lkWUc,1000
playlistId,31,6MHVjouCgTnyW0hz5F8AGb,1000
playlistId,32,1nWLPC8FjOn0qqcqN2qjo1,1000
playlistId,33,1NclHW0kPP6noz1W8rfe6u,1000
playlistId,34,6XwlbBHdcyfE0gC5qaNd6M,1000
playlistId,35,4toT0yI43PvgTPhbFPHkv2,1000
playlistId,36,1QNuuvFzJMBsqKHph5PyZp,1000
playlistId,37,3AGmkuDxOiBYwxqhdCZ8b3,1000
playlistId,38,491tqzAWrNUO8qn5iXQ9jy,1000
playlistId,39,6JTHVCLtUSVUwxqoFXKqC3,1000
playlistId,40,2EGSaBuNHzfsXYVhBpEQ2J,1000
playlistId,41,1gENxBJhe4Y3u7HQMObOIa,999
playlistId,42,5M4VmaCyTAH8PzuenD4ekc,999
playlistId,43,1YiZzeg1fhsITsxei0GU7U,999
playlistId,44,7Ad61TEE5PHcPyiYR9XBMj,999
playlistId,45,6oyw6pUwc0hWJKqYhtU3ZG,999
playlistId,46,7JchDXtsexnUSBnwnoy1Hx,999
playlistId,47,0ittbAxespheEoSmOjvdKm,999
playlistId,48,3bvIJQz5LZeKVyXmgJPuu5,998
playlistId,49,4lx4G2oij84baTkGBEpw9k,998
playlistId,50,198gDvZWgomIbZCsYB3JuV,998
playlistName,1,Songs to play at my funeral,6097
playlistName,2,Play this at my funeral,4543
playlistName,3,Funeral playlist,3785
playlistName,4,Funeral,3658
playlistName,5,play at my funeral,2293
playlistName,6,Play these at my funeral,2167
playlistName,7,play this at my funeral,2019
playlistName,8,Funeral Playlist,1934
playlistName,9,funeral,1911
playlistName,10,Funeral Doom Metal,1840
playlistName,11,Funeral Songs,1609
playlistName,12,songs to play at my funeral,1598
playlistName,13,Play at my funeral,1091
playlistName,14,Play This At My Funeral,1069
playlistName,15,Good Songs,1000
playlistName,16,Sonnets for the recently deceased,1000
playlistName,17,Kat slaters funeral,1000
playlistName,18,Songs to to play at my funeral🪦,1000
playlistName,19,Play@my funeral v3,1000
playlistName,20,Play this shit at my funeral 🤌🏻🖕🏻,1000
playlistName,21,Momento Mori,1000
playlistName,22,FUNeirieel,1000
playlistName,23,MIMAS MEXICAN FUNERAL LIST,1000
playlistName,24,My soundtrack (funeral),1000
playlistName,25,Funky Tunes,1000
playlistName,26,Put this at my funeral,1000
playlistName,27,Mi Funeral,1000
playlistName,28,Funeral For A Friend – Welcome Home Armageddon,1000
playlistName,29,DEATH METAL MIX,1000
playlistName,30,Play these at my funeral🪦,1000
playlistName,31,Play this at my funeral :^),1000
playlistName,32,Sad Songs For Funerals,1000
playlistName,33,Hospice playlist,1000
playlistName,34,Bops for my funeral,1000
playlistName,35,🪦 Funeral-Doom 📡 Drone  🌊 Ambient Metal/Noise/Shoegaze & assorted LongBois🐍,1000
playlistName,36,Aiden’s funeral🥺🥺🌈,1000
playlistName,37,Music to be played at my funeral,1000
playlistName,38,FUNeral,1000
playlistName,39,Funeral philosophy,1000
playlistName,40,FUNERAL ZONE ☠️⚰️,1000
playlistName,41,Play this @ my Funeral,1000
playlistName,42,𝔉𝔲𝔫𝔢𝔯𝔞𝔩 𝔭𝔩𝔞𝔶𝔩𝔦𝔰𝔱,1000
playlistName,43,Play This At My Funeral Pt. 2,1000
playlistName,44,Funeral Playlist ❌,1000
playlistName,45,Play at my funeral🥀,1000
playlistName,46,funeral music,1000
playlistName,47,play these at my funeral or i’m not going,999
playlistName,48,Play this @ my funeral  💫❤️,999
playlistName,49,life,999
playlistName,50,𓅓,999
description,1,"To be played at funerals, weddings, and divorces",1000
description,2,Funeral dirges,1000
description,3,Play this on loop at my funeral dawg,1000
description,4,everything must end but not this playlist,1000
description,5,"The biggest mix of Cavernous Death, Brutal Death, Slamming Death, Tech Death, Funeral Death, HxC Crossover Death, &amp; all the Death in between.",1000
description,6,why have multiple playlists when you can throw everything to a single one?,1000
description,7,⏳🎵  Avg. track length ~11:45🫡💤,1000
description,8,THE group chat playlist no judging 🌈💕😂🦄,1000
description,9,Doom Metal: Sub genre | Funeral Doom | Funeral Death | Funeral Sludge | Cover: Eye Of Solitude (Godless),1000
description,10,the soundtrack to my death,1000
description,11,The songs that get me through life,1000
description,12,All songs I like,1000
description,13,🔥🔥🔥🔥🔥🔥🔥🔥🔥🔥🔥🔥🔥,999
description,14,Play this on shuffle at my funeral &lt;3,999
description,15,Play this at my FUNERAL,999
description,16,smoke at my funeral,999
description,17,play this at my funeral or when u miss me 🖤,998
description,18,MOST IMPORTANT PLAYLIST EVER,998
description,19,On foenem,997
description,20,The songs I can bust a proper move to or the ones I used to listen to when I was a wee lad,996
description,21,"main playlist, remade the first 24 hours from the playlist I had a funeral for",996
description,22,ivyradio &#x2F; play these at my funeral,990
description,23,🪦,990
description,24,woah,983
description,25,ᵃ ᵖˡᵃʸˡⁱˢᵗ ᵒᶠ ᵉᵛᵉʳʸ ˢᵒⁿᵍ ᵗʰᵃᵗ ⁱ ᶜʰᵉʳⁱˢʰ ˙ᵕ˙,983
description,26,"basically some of my fav songs (1,000 diff genres)",974
description,27,"Up-Beat music, Dance music, Just music - Cause you know it will be a celebration when I go",951
description,28,Play this at my funeral,930
description,29,I&#x27;m going to hell. :3,924
description,30,play ts at my funeral or i’m haunting you.,923
description,31,Don&#x27;t actually,830
description,32,🥶🥶🥶,804
description,33,"For that autumn day, loads of albums from various funeral doom metal bands. \m&#x2F;",800
description,34,God approved this playlist,795
description,35,"A playlist with whatever genre or mood you&#x27;re feeling feat. Juice WRLD, Trippie Redd,  Juice Unrealeased, A Boogie wit da Hoodie, Lil Tecca and many others",742
description,36,no explicit songs in snoopy&#x27;s house,716
description,37,y=mx+b,707
description,38,"Balling ass jams to get your ego on. Pre interview&#x2F;current workout&#x2F;before first date mix&#x2F;funeral krunk&#x2F;wedding, no basic white girls&#x2F;fuck cops&#x2F;do drugs&#x2F;love making&#x2F;gardening&#x2F;art mix.",698
description,39,Watch the Party Die,687
description,40,I dedicate this list to the Holloway family. If it wasn&#x27;t for the family reunions weddings funerals block parties and many cookouts when I was a child this playlist wouldn&#x27;t exist,683
description,41,(un?)ironically made at a funeral : my favs ‼️💜,674
description,42,"Submerge into the depths.. (glaive, 2hollis, ericdoa, frost children, bassvictim,  kimj, juno, brakence, riovaz, kmoe, underscores, funeral, 100 gecs, Jane Remover, kurtains) small artists reach out to @dylanoes_",670
description,43,Why me?,668
description,44,10&#x2F;10,655
description,45,play this at my funeral,649
description,46,Previously called: &quot;Doth Mother Know You Wearith Her  Drapes&quot;,643
description,47,These songs are all of the songs I love,628
description,48,please play when i die so i can listen in the afterlife and won&#x27;t cry when i&#x27;m reborn :&#x27;),625
description,49,"Songs about grief, remembering, love, faith, hope. songs he liked and ones that remind us of him. see you on the other side",619
description,50,i’m having to redownload half my songs into lossless wth,613
ownerName,1,Spotify,2607
ownerName,2,Nova,1611
ownerName,3,K de los Cuetos,1000
ownerName,4,Alkvist,1000
ownerName,5,Jade Robinson,1000
ownerName,6,Mackenzie Johnke,1000
ownerName,7,Jayden Fobert,1000
ownerName,8,kassidywolfe04,1000
ownerName,9,Psuedo,1000
ownerName,10,Hiperbolekid,1000
ownerName,11,tericastellano,1000
ownerName,12,Jorge Guadarrama,1000
ownerName,13,SpicySaauce,1000
ownerName,14,clemence,1000
ownerName,15,J Trinidad Mendoza Chávez,1000
ownerName,16,Andre Anakin Guerra,1000
ownerName,17,Amina,1000
ownerName,18,Dalt,1000
ownerName,19,Yodamanbb8,1000
ownerName,20,Will,1000
ownerName,21,Rosie Poulton,1000
ownerName,22,jloganpuckett,1000
ownerName,23,valeriaosorno0507,1000
ownerName,24,Full_Metal_Gorilla 🦍,1000
ownerName,25,Neptunez🪽,1000
ownerName,26,Arsenii Matveev,1000
ownerName,27,Funeral Doom,1000
ownerName,28,Mitch Ihrig,1000
ownerName,29,Mango,1000
ownerName,30,hamdy,1000
ownerName,31,Nicolas Leira,1000
ownerName,32,Chris Glenn,1000
ownerName,33,zer0,1000
ownerName,34,𝒦𝒾𝓇𝒶  ࿔❀࿔,1000
ownerName,35,HecSwavy,1000
ownerName,36,nelee.ms,1000
ownerName,37,Jacob norc,1000
ownerName,38,Kaylana Renee Hoffman,1000
ownerName,39,Joshua Baxter,1000
ownerName,40,mason_bosak,1000
ownerName,41,spanky01212,1000
ownerName,42,Nicolas Bustos,1000
ownerName,43,ava,999
ownerName,44,ddunx8,999
ownerName,45,Jack90986,999
ownerName,46,MoshUnlovable,999
ownerName,47,Todd Hamburg,999
ownerName,48,Mallorylyons,999
ownerName,49,KG,999
ownerName,50,fuckhoney,998
ownerId,1,spotify,2607
ownerId,2,l39383e3pj4vqahcgp7nl6vto,1000
ownerId,3,dyyezr46cvq7btru7wc0ilrx0,1000
ownerId,4,21zgfccna5tyzfqfcuxhcl4yy,1000
ownerId,5,22zyf7jetwez5kow6gbkki3ba,1000
ownerId,6,ch3wf3tt,1000
ownerId,7,kassidywolfe04,1000
ownerId,8,cyborgzzz,1000
ownerId,9,35vsaaowxi6czrlrwzs824p66,1000
ownerId,10,tericastellano,1000
ownerId,11,jguadmon,1000
ownerId,12,ys03m1e50gwpm2u4omi34wzuy,1000
ownerId,13,01lk9yfhjhqvqb6t7radj0ezy,1000
ownerId,14,1285684809,1000
ownerId,15,11128803096,1000
ownerId,16,rainbowunicornbee,1000
ownerId,17,dduffey18,1000
ownerId,18,smithjeremywbb8,1000
ownerId,19,gurrenbelagann,1000
ownerId,20,fzmsfwemaegb2kzf1e6b7gih3,1000
ownerId,21,jloganpuckett,1000
ownerId,22,valeriaosorno0507,1000
ownerId,23,naturf1,1000
ownerId,24,31dqaxbykc273pxnizt4x3uym5ky,1000
ownerId,25,312t76fiwlwd5pplhvfkvhahif6i,1000
ownerId,26,4bt73opzi3aohsoeejgqeleu9,1000
ownerId,27,peachesoriley,1000
ownerId,28,0zolo3rej62j8p0lsqqwlkj4o,1000
ownerId,29,31zy5r2tsktdgut3cru2lsuiibay,1000
ownerId,30,31gfswwkbrr7ts3zkihprpq346eu,1000
ownerId,31,chrisglenn_,1000
ownerId,32,tk2llykttkdb12dfm30bm811l,1000
ownerId,33,31yi3bwgsidabooztfmm7ew4j3oq,1000
ownerId,34,313tb7666yvjqvfrslwvrt6l2nfy,1000
ownerId,35,nelem.s,1000
ownerId,36,dj_gandhi_,1000
ownerId,37,12173546527,1000
ownerId,38,2021jbaxter-us,1000
ownerId,39,eatyacheese1209,1000
ownerId,40,spanky01212,1000
ownerId,41,31g3f2ul5grnctvs6v3tkb6tauyi,1000
ownerId,42,ltm1trf3afbhj2xnfuav62vo8,999
ownerId,43,ddunxxx8-us,999
ownerId,44,8dj3xrxlq3u8porzwtt550do4,999
ownerId,45,joshmcnicholas99,999
ownerId,46,12151414437,999
ownerId,47,31wra57j3hxcffru3o72v6tbcpg4,999
ownerId,48,xqd1i6x2g2ht75v5nzhx83ue6,999
ownerId,49,12144787100,998
ownerId,50,tututututupac,998
ownerImage,1,https://i.scdn.co/image/ab6775700000ee8555c25988a6ac314394d3fbf5,2607
ownerImage,2,https://i.scdn.co/image/ab6775700000ee850d143b993686796d31386e85,1000
ownerImage,3,https://i.scdn.co/image/ab6775700000ee85f211ecb14e7f028eda6b0b69,1000
ownerImage,4,https://platform-lookaside.fbsbx.com/platform/profilepic/?asid=1671772666438166&height=300&width=300&ext=1776531607&hash=AT-cj4bVrQuCsXapIaRwsDny,1000
ownerImage,5,https://i.scdn.co/image/ab6775700000ee8567aff4461b39364ff7c41aeb,1000
ownerImage,6,https://platform-lookaside.fbsbx.com/platform/profilepic/?asid=901446146610120&height=300&width=300&ext=1776565432&hash=AT-4En5C0cz64pOeTduBzcWh,1000
ownerImage,7,https://i.scdn.co/image/ab6775700000ee85c4ac9599af66fdd7b16d6fa0,1000
ownerImage,8,https://i.scdn.co/image/ab6775700000ee855ff68efc3b8937363f7c54fb,1000
ownerImage,9,https://i.scdn.co/image/ab6775700000ee850b9bfd9729a493618a430b4c,1000
ownerImage,10,https://scontent-ord5-3.xx.fbcdn.net/v/t1.6435-1/82341199_10157307699059398_2052033239706501120_n.jpg?stp=dst-jpg_s240x240_tt6&_nc_cat=100&ccb=1-7&_nc_sid=08baa4&_nc_ohc=481z32seX9sQ7kNvwHRTAyC&_nc_oc=AdqE7bTks7S347S8TpUMpVYhjqDf_Wz1viv7vkwRxGePwcFY0hr1b-W_D_9_Sp-W0PiyQIGYd8LCLs8C0ywTaQCE&_nc_zt=24&_nc_ht=scontent-ord5-3.xx&edm=AP4hL3IEAAAA&_nc_gid=BesVRanVwvLKhfhMwzOrNg&_nc_tpa=Q5bMBQF_KkfPeqou9TfgxDPqiN_pp6ryX-2DlvWM4wqnZOaBd3jM16Hiftga05adm3YmC_a9J1mW&oh=00_AfynG3x6ZWrO2_R7xMsKY9uXgaGLcYR-Y13IOFLDN5InCw&oe=69E3B899,1000
ownerImage,11,https://i.scdn.co/image/ab6775700000ee851a8bd7a33d4825e3c8ef0df1,1000
ownerImage,12,https://i.scdn.co/image/ab6775700000ee85c119fdf33ea496192f23cd59,1000
ownerImage,13,https://scontent-ord5-1.xx.fbcdn.net/v/t39.30808-1/467153802_10234760198407558_5749638024135861781_n.jpg?stp=c0.38.397.397a_dst-jpg_s320x320_tt6&_nc_cat=101&ccb=1-7&_nc_sid=08baa4&_nc_ohc=yYV5ghRni1YQ7kNvwHGJVtS&_nc_oc=AdoQEYuCYfZOu0PL6P8qIYMWq5KZd2kJF2WGXGqdYA0F0QMNQmNiDfzrEPa4H8fJUylw1JP9n7QUwN6lXBdOw27Q&_nc_zt=24&_nc_ht=scontent-ord5-1.xx&edm=AP4hL3IEAAAA&_nc_gid=ScXac_4Db-TOfGslX47OJw&_nc_tpa=Q5bMBQF8RbhSna1K9NyEvXI6o9-tPzokjMvWTv3Nc1yBrbbvu34yjBdaanX1IupjdhpoJQ7HtMqN&oh=00_AfwHtLCm-W6-T4dMgH3TqhElBPVERVuI9jZH5z6gPegCkQ&oe=69C26045,1000
ownerImage,14,https://scontent-ord5-3.xx.fbcdn.net/v/t1.6435-1/84538786_3029903187020046_3093779807914164224_n.jpg?stp=dst-jpg_s320x320_tt6&_nc_cat=100&ccb=1-7&_nc_sid=08baa4&_nc_ohc=KbDMT-C0FycQ7kNvwEPfP3j&_nc_oc=AdpBdSrAWbva3MAQBVYSBVbKA9fm3EdxWb-zLlIFFsbufOFnRk0Rp1MJymOWu4dc2ajZo-oFGXVABF3jzllGl9Cm&_nc_zt=24&_nc_ht=scontent-ord5-3.xx&edm=AP4hL3IEAAAA&_nc_gid=OKiDa-rwF59nBxzxdrGeJw&_nc_tpa=Q5bMBQFMRyJh9tjqFTCRkDNJW4rwU3cdx9nRQwm55SzAr8ha3NhvQvUVoZSx2haf2OWNeAewtR0D&oh=00_AfwW2H42P5XO0BCCxKqEm-UbQTFe1Hffh456AdaQtcoebQ&oe=69E3B347,1000
ownerImage,15,https://i.scdn.co/image/ab6775700000ee858d698be898b577682681becb,1000
ownerImage,16,https://scontent-ord5-1.xx.fbcdn.net/v/t39.30808-1/535402672_2839968206200154_4891915979490748452_n.jpg?stp=dst-jpg_s320x320_tt6&_nc_cat=101&ccb=1-7&_nc_sid=08baa4&_nc_ohc=fZTeRgE3qmIQ7kNvwFvlt0o&_nc_oc=Adp95BwELXeIpFcA9ihqrRob4ZqrbFgPHBLZIvMhAYKEBkwVrHL4_OBfIXO9-OnNTKfKBRt65eQeDD-fEjuwxTWc&_nc_zt=24&_nc_ht=scontent-ord5-1.xx&edm=AP4hL3IEAAAA&_nc_gid=zWiiF_Hy5CW1O3RHImUsGw&_nc_tpa=Q5bMBQFOtBehtNFu6whMgd5zeqpsxMd4doXxxSwm04_KBluixB6vLSzQCYP8-P1mQu6mEL1yBimQ&oh=00_Afyf5ldI71owsz9FezZfxXOLXS9nOx0_7U6YQ0hIS8AhSw&oe=69C26B12,1000
ownerImage,17,https://i.scdn.co/image/ab6775700000ee85ca756ab943c00ac10ec3e889,1000
ownerImage,18,https://i.scdn.co/image/ab6775700000ee85a6a313101af497abc526e68a,1000
ownerImage,19,https://i.scdn.co/image/ab6775700000ee852c6f2ee4b5471dd2fa42e881,1000
ownerImage,20,https://i.scdn.co/image/ab6775700000ee8513eaea5ee4e4eec3f13b9011,1000
ownerImage,21,https://i.scdn.co/image/ab6775700000ee852a6738340a8f6ec98be416e3,1000
ownerImage,22,https://i.scdn.co/image/ab6775700000ee859ae0fe842ec5d043964f2b7b,1000
ownerImage,23,https://i.scdn.co/image/ab6775700000ee85a330535b1965a70ac0c9b587,1000
ownerImage,24,https://scontent-ord5-3.xx.fbcdn.net/v/t39.30808-1/439840599_7933296583370665_4201359051221180867_n.jpg?stp=cp1_dst-jpg_s320x320_tt6&_nc_cat=106&ccb=1-7&_nc_sid=08baa4&_nc_ohc=B7N-HKNnYqcQ7kNvwGzCJ4a&_nc_oc=AdpDc4d238bX_puGNhm0pORHQOEC1mSxeV4FJdAQXdTOrpXp6eULrKGhbcycLorMOQYooefOob_-Ug9bU7yQU3wK&_nc_zt=24&_nc_ht=scontent-ord5-3.xx&edm=AP4hL3IEAAAA&_nc_gid=ip3QnpEFP5C7Dzi380rDYg&_nc_tpa=Q5bMBQGCqhwsSIyhSyIspzNIQ6_I0bKBzh7vwtjNa_43MWnMMhubtIUC675P8ByinKUOEeI8pP3Y&oh=00_Afxf-HtdPFivHR_c5orjM94tsXyfgAKhw5mENy2YiD1NxA&oe=69C25AE8,1000
ownerImage,25,https://i.scdn.co/image/ab6775700000ee85b693644d9137d8dc3d8815fd,1000
ownerImage,26,https://platform-lookaside.fbsbx.com/platform/profilepic/?asid=628357550571914&height=300&width=300&ext=1776538809&hash=AT_jl-0EHFtoy1hoV_UPiTvP,1000
ownerImage,27,https://i.scdn.co/image/ab6775700000ee85ad6061449dd9a7f6da3d3899,1000
ownerImage,28,https://i.scdn.co/image/ab6775700000ee855dd943f4f8b376b0bfd5d1a3,1000
ownerImage,29,https://i.scdn.co/image/ab6775700000ee852de4cfbf385725f95e882c24,1000
ownerImage,30,https://i.scdn.co/image/ab6775700000ee858afdb7324d5915da77e72d6d,1000
ownerImage,31,https://i.scdn.co/image/ab6775700000ee85acd4d8c68d1edbb3252635fb,1000
ownerImage,32,https://scontent-ord5-3.xx.fbcdn.net/v/t39.30808-1/649279627_25523484723996128_4309213837952845833_n.jpg?stp=dst-jpg_s320x320_tt6&_nc_cat=100&ccb=1-7&_nc_sid=08baa4&_nc_ohc=ErfX7-r8qqkQ7kNvwEWFa__&_nc_oc=AdqvJEMUQ3pGCGp_rE_dQKJid8SLbjIq4Oz9lCAiWC61VP128NWSfNa6x-3qwQ25YS4fNzTq1A8UGjah-SjoKErD&_nc_zt=24&_nc_ht=scontent-ord5-3.xx&edm=AP4hL3IEAAAA&_nc_gid=fTxDLbYbhY3fpu3amUQ17A&_nc_tpa=Q5bMBQEmpsKZ2WtKd5YHjcGJ7bep8C7W1p2KY5cuTlDPobrCyBxNvz7WqTD7TNkNHFFA9eBNr8wb&oh=00_AfycEvno9Cv_9iY5q0bGx_bfLTPkEV8RV4OkxkEDICfMVg&oe=69C26B09,1000
ownerImage,33,https://i.scdn.co/image/ab6775700000ee85be676bcaac96e05195f259ef,1000
ownerImage,34,https://i.scdn.co/image/ab6775700000ee85985960d880069e0730a4733c,1000
ownerImage,35,https://i.scdn.co/image/ab6775700000ee850d208aeb4bdc4a9c84935264,999
ownerImage,36,https://i.scdn.co/image/ab6775700000ee85d21007488aa001bb72b7426b,999
ownerImage,37,https://i.scdn.co/image/ab6775700000ee853571d48ab841b0ab1cd1a32f,999
ownerImage,38,https://scontent-ord5-3.xx.fbcdn.net/v/t39.30808-1/485334188_4084254108475727_7984387356437577356_n.jpg?stp=dst-jpg_s320x320_tt6&_nc_cat=106&ccb=1-7&_nc_sid=08baa4&_nc_ohc=ilcU7x3gvVkQ7kNvwEa2WHm&_nc_oc=AdoTzR3BXfvRfjC1qJoBxFUVB56FHX8my87lEK8Bi9nFjIwYKXqucAcmg3ih4ncPesiWOe73Wv2H6p5OuR0TY4Su&_nc_zt=24&_nc_ht=scontent-ord5-3.xx&edm=AP4hL3IEAAAA&_nc_gid=DCp6uwNTjncPMMvBH8C9hQ&_nc_tpa=Q5bMBQFv2lM2IHEGqp3mARoE7aKZq7rsll-F5RK7jl-ZOnI1R0XMqoXPPgjgWdUs6naNZvjj9IK0&oh=00_AfwApEiGNkkIvpz1veGDqvnaQfzt_6d-03a-EW-klCmAuw&oe=69C1D0FF,999
ownerImage,39,https://i.scdn.co/image/ab6775700000ee85a50b0ee356ef239f020043b9,999
ownerImage,40,https://i.scdn.co/image/ab6775700000ee85420690e7f0858b288b57f269,999
ownerImage,41,https://i.scdn.co/image/ab6775700000ee85f26a211c87b24e7020a66ecd,998
ownerImage,42,https://i.scdn.co/image/ab6775700000ee85b753df7742e9261b9308f43b,998
ownerImage,43,https://i.scdn.co/image/ab6775700000ee8593df2ccd17b7de7408e1fa6b,998
ownerImage,44,https://i.scdn.co/image/ab6775700000ee853e0d0a5a7e465bc77e921ad5,998
ownerImage,45,https://i.scdn.co/image/ab6775700000ee85e872f01d50f9ea746c27bde6,998
ownerImage,46,https://i.scdn.co/image/ab6775700000ee85dcb8b1be795356cc58bde44b,997
ownerImage,47,https://i.scdn.co/image/ab6775700000ee85ab592e3da96ad290a3fba415,997
ownerImage,48,https://i.scdn.co/image/ab6775700000ee85eb99708da21ac1bb2e06a8f5,997
ownerImage,49,https://i.scdn.co/image/ab6775700000ee85dd41701163f690d56b8cdb27,996
ownerImage,50,https://i.scdn.co/image/ab6775700000ee854caa219b851412d9573b824b,996
followers,1,2,17149
followers,2,1,15979
followers,3,3,13193
followers,4,4,12542
followers,5,6,9984
followers,6,5,8736
followers,7,7,7134
followers,8,10,6130
followers,9,11,5118
followers,10,9,3882
followers,11,12,3749
followers,12,8,2890
followers,13,15,1463
followers,14,14,1418
followers,15,13,1273
followers,16,33,1048
followers,17,16,1047
followers,18,20,1000
followers,19,296,1000
followers,20,392,1000
followers,21,88,1000
followers,22,110,1000
followers,23,90,1000
followers,24,19,997
followers,25,41,973
followers,26,488,951
followers,27,28,914
followers,28,18,901
followers,29,79,887
followers,30,955,848
followers,31,24,838
followers,32,8316,800
followers,33,241,760
followers,34,557,670
followers,35,37,619
followers,36,368,573
followers,37,397,544
followers,38,1977,544
followers,39,190,541
followers,40,134,533
followers,41,25,509
followers,42,17,508
followers,43,611,505
followers,44,175,466
followers,45,2979,423
followers,46,1061,411
followers,47,26,401
followers,48,25564,390
followers,49,816,338
followers,50,848,329
totalTracks,1,50,2650
totalTracks,2,544,1088
totalTracks,3,357,1071
totalTracks,4,4311,1000
totalTracks,5,1007,1000
totalTracks,6,1395,1000
totalTracks,7,1271,1000
totalTracks,8,1401,1000
totalTracks,9,1932,1000
totalTracks,10,2911,1000
totalTracks,11,1843,1000
totalTracks,12,1416,1000
totalTracks,13,1198,1000
totalTracks,14,2600,1000
totalTracks,15,1920,1000
totalTracks,16,1077,1000
totalTracks,17,2077,1000
totalTracks,18,4568,1000
totalTracks,19,4560,1000
totalTracks,20,1595,1000
totalTracks,21,4160,1000
totalTracks,22,2573,1000
totalTracks,23,2483,1000
totalTracks,24,1620,1000
totalTracks,25,1358,1000
totalTracks,26,1563,1000
totalTracks,27,1875,1000
totalTracks,28,4208,1000
totalTracks,29,2093,1000
totalTracks,30,2017,1000
totalTracks,31,1061,1000
totalTracks,32,2455,1000
totalTracks,33,2176,1000
totalTracks,34,1083,1000
totalTracks,35,1178,1000
totalTracks,36,3362,1000
totalTracks,37,1081,1000
totalTracks,38,1898,1000
totalTracks,39,1810,1000
totalTracks,40,8971,1000
totalTracks,41,3002,1000
totalTracks,42,1786,1000
totalTracks,43,4742,1000
totalTracks,44,1217,999
totalTracks,45,2308,999
totalTracks,46,1733,999
totalTracks,47,2580,999
totalTracks,48,1458,999
totalTracks,49,2344,999
totalTracks,50,3727,999
scrapedTrackCount,1,1000,40000
scrapedTrackCount,2,999,6993
scrapedTrackCount,3,998,4990
scrapedTrackCount,4,997,2991
scrapedTrackCount,5,50,2650
scrapedTrackCount,6,996,1992
scrapedTrackCount,7,990,1980
scrapedTrackCount,8,983,1966
scrapedTrackCount,9,423,1269
scrapedTrackCount,10,544,1088
scrapedTrackCount,11,357,1071
scrapedTrackCount,12,995,995
scrapedTrackCount,13,988,988
scrapedTrackCount,14,978,978
scrapedTrackCount,15,977,977
scrapedTrackCount,16,974,974
scrapedTrackCount,17,973,973
scrapedTrackCount,18,956,956
scrapedTrackCount,19,951,951
scrapedTrackCount,20,947,947
scrapedTrackCount,21,946,946
scrapedTrackCount,22,930,930
scrapedTrackCount,23,924,924
scrapedTrackCount,24,923,923
scrapedTrackCount,25,916,916
scrapedTrackCount,26,914,914
scrapedTrackCount,27,297,891
scrapedTrackCount,28,888,888
scrapedTrackCount,29,874,874
scrapedTrackCount,30,848,848
scrapedTrackCount,31,836,836
scrapedTrackCount,32,830,830
scrapedTrackCount,33,409,818
scrapedTrackCount,34,805,805
scrapedTrackCount,35,804,804
scrapedTrackCount,36,801,801
scrapedTrackCount,37,800,800
scrapedTrackCount,38,795,795
scrapedTrackCount,39,790,790
scrapedTrackCount,40,782,782
scrapedTrackCount,41,770,770
scrapedTrackCount,42,760,760
scrapedTrackCount,43,759,759
scrapedTrackCount,44,748,748
scrapedTrackCount,45,742,742
scrapedTrackCount,46,741,741
scrapedTrackCount,47,722,722
scrapedTrackCount,48,717,717
scrapedTrackCount,49,716,716
scrapedTrackCount,50,712,712
playlistUrl,1,https://open.spotify.com/playlist/3yOcBiQI9LmZjhwLHaFMb1,1000
playlistUrl,2,https://open.spotify.com/playlist/2z1auUTY8vcjVwAt45qI5f,1000
playlistUrl,3,https://open.spotify.com/playlist/3DCOqBWj1h1pjHu441Wwhb,1000
playlistUrl,4,https://open.spotify.com/playlist/3nb82KbbUANZL28xMDgj9F,1000
playlistUrl,5,https://open.spotify.com/playlist/18WBB7uEkRUk5zL55iIvbi,1000
playlistUrl,6,https://open.spotify.com/playlist/3uUDbouMUzcpFFSdlzeLem,1000
playlistUrl,7,https://open.spotify.com/playlist/5TntJWkjK6r3whdE2tfRF7,1000
playlistUrl,8,https://open.spotify.com/playlist/1qoRbqjerZAWy1JYxh4WYc,1000
playlistUrl,9,https://open.spotify.com/playlist/3Ajb3gkOLdcMbk6QrJfNYe,1000
playlistUrl,10,https://open.spotify.com/playlist/4mnyT9P3zdbdk13jHd3jBr,1000
playlistUrl,11,https://open.spotify.com/playlist/27bzGnWkZwpeLy5ppR34FU,1000
playlistUrl,12,https://open.spotify.com/playlist/02CnkayYl248wEub9gDeD9,1000
playlistUrl,13,https://open.spotify.com/playlist/0bRk474nApLnWeA2U7WMgu,1000
playlistUrl,14,https://open.spotify.com/playlist/5xBqH6hK8N8eQhJjsIYb0r,1000
playlistUrl,15,https://open.spotify.com/playlist/32i36X3KDvN9h1GgQYGutJ,1000
playlistUrl,16,https://open.spotify.com/playlist/44czFyJa9pGCHakyo5sYGD,1000
playlistUrl,17,https://open.spotify.com/playlist/4adObaJwzT2faPqmXUODLr,1000
playlistUrl,18,https://open.spotify.com/playlist/7ciXha49yl0pRP5JxFBGpM,1000
playlistUrl,19,https://open.spotify.com/playlist/3HoD9sAn8bkJ7iXTBh60Fe,1000
playlistUrl,20,https://open.spotify.com/playlist/1y1ZxCPZFVwynvQItCMZHU,1000
playlistUrl,21,https://open.spotify.com/playlist/6GXBw4Y5T77dhX4XvCIbtp,1000
playlistUrl,22,https://open.spotify.com/playlist/3zEZzlDdwfiPsUaI4M6bgx,1000
playlistUrl,23,https://open.spotify.com/playlist/4XsJzh2HvyUsZkNCqucmJd,1000
playlistUrl,24,https://open.spotify.com/playlist/6hxCcONJsp2ht5yOll8GWn,1000
playlistUrl,25,https://open.spotify.com/playlist/2oyA3JCLleqfQ5GBMNGmso,1000
playlistUrl,26,https://open.spotify.com/playlist/34yhmcStgwNCYdKZtfQMPW,1000
playlistUrl,27,https://open.spotify.com/playlist/5NELZ2tP428zwGxQ2XgeSo,1000
playlistUrl,28,https://open.spotify.com/playlist/5jEU3ul9s8cCAv3s2o0Dje,1000
playlistUrl,29,https://open.spotify.com/playlist/0uEXhUPAWyETYo8tfKvddX,1000
playlistUrl,30,https://open.spotify.com/playlist/4gB37CyAdCbncsxN9lkWUc,1000
playlistUrl,31,https://open.spotify.com/playlist/6MHVjouCgTnyW0hz5F8AGb,1000
playlistUrl,32,https://open.spotify.com/playlist/1nWLPC8FjOn0qqcqN2qjo1,1000
playlistUrl,33,https://open.spotify.com/playlist/1NclHW0kPP6noz1W8rfe6u,1000
playlistUrl,34,https://open.spotify.com/playlist/6XwlbBHdcyfE0gC5qaNd6M,1000
playlistUrl,35,https://open.spotify.com/playlist/4toT0yI43PvgTPhbFPHkv2,1000
playlistUrl,36,https://open.spotify.com/playlist/1QNuuvFzJMBsqKHph5PyZp,1000
playlistUrl,37,https://open.spotify.com/playlist/3AGmkuDxOiBYwxqhdCZ8b3,1000
playlistUrl,38,https://open.spotify.com/playlist/491tqzAWrNUO8qn5iXQ9jy,1000
playlistUrl,39,https://open.spotify.com/playlist/6JTHVCLtUSVUwxqoFXKqC3,1000
playlistUrl,40,https://open.spotify.com/playlist/2EGSaBuNHzfsXYVhBpEQ2J,1000
playlistUrl,41,https://open.spotify.com/playlist/1gENxBJhe4Y3u7HQMObOIa,999
playlistUrl,42,https://open.spotify.com/playlist/5M4VmaCyTAH8PzuenD4ekc,999
playlistUrl,43,https://open.spotify.com/playlist/1YiZzeg1fhsITsxei0GU7U,999
playlistUrl,44,https://open.spotify.com/playlist/7Ad61TEE5PHcPyiYR9XBMj,999
playlistUrl,45,https://open.spotify.com/playlist/6oyw6pUwc0hWJKqYhtU3ZG,999
playlistUrl,46,https://open.spotify.com/playlist/7JchDXtsexnUSBnwnoy1Hx,999
playlistUrl,47,https://open.spotify.com/playlist/0ittbAxespheEoSmOjvdKm,999
playlistUrl,48,https://open.spotify.com/playlist/3bvIJQz5LZeKVyXmgJPuu5,998
playlistUrl,49,https://open.spotify.com/playlist/4lx4G2oij84baTkGBEpw9k,998
playlistUrl,50,https://open.spotify.com/playlist/198gDvZWgomIbZCsYB3JuV,998
uri,1,spotify:playlist:3yOcBiQI9LmZjhwLHaFMb1,1000
uri,2,spotify:playlist:2z1auUTY8vcjVwAt45qI5f,1000
uri,3,spotify:playlist:3DCOqBWj1h1pjHu441Wwhb,1000
uri,4,spotify:playlist:3nb82KbbUANZL28xMDgj9F,1000
uri,5,spotify:playlist:18WBB7uEkRUk5zL55iIvbi,1000
uri,6,spotify:playlist:3uUDbouMUzcpFFSdlzeLem,1000
uri,7,spotify:playlist:5TntJWkjK6r3whdE2tfRF7,1000
uri,8,spotify:playlist:1qoRbqjerZAWy1JYxh4WYc,1000
uri,9,spotify:playlist:3Ajb3gkOLdcMbk6QrJfNYe,1000
uri,10,spotify:playlist:4mnyT9P3zdbdk13jHd3jBr,1000
uri,11,spotify:playlist:27bzGnWkZwpeLy5ppR34FU,1000
uri,12,spotify:playlist:02CnkayYl248wEub9gDeD9,1000
uri,13,spotify:playlist:0bRk474nApLnWeA2U7WMgu,1000
uri,14,spotify:playlist:5xBqH6hK8N8eQhJjsIYb0r,1000
uri,15,spotify:playlist:32i36X3KDvN9h1GgQYGutJ,1000
uri,16,spotify:playlist:44czFyJa9pGCHakyo5sYGD,1000
uri,17,spotify:playlist:4adObaJwzT2faPqmXUODLr,1000
uri,18,spotify:playlist:7ciXha49yl0pRP5JxFBGpM,1000
uri,19,spotify:playlist:3HoD9sAn8bkJ7iXTBh60Fe,1000
uri,20,spotify:playlist:1y1ZxCPZFVwynvQItCMZHU,1000
uri,21,spotify:playlist:6GXBw4Y5T77dhX4XvCIbtp,1000
uri,22,spotify:playlist:3zEZzlDdwfiPsUaI4M6bgx,1000
uri,23,spotify:playlist:4XsJzh2HvyUsZkNCqucmJd,1000
uri,24,spotify:playlist:6hxCcONJsp2ht5yOll8GWn,1000
uri,25,spotify:playlist:2oyA3JCLleqfQ5GBMNGmso,1000
uri,26,spotify:playlist:34yhmcStgwNCYdKZtfQMPW,1000
uri,27,spotify:playlist:5NELZ2tP428zwGxQ2XgeSo,1000
uri,28,spotify:playlist:5jEU3ul9s8cCAv3s2o0Dje,1000
uri,29,spotify:playlist:0uEXhUPAWyETYo8tfKvddX,1000
uri,30,spotify:playlist:4gB37CyAdCbncsxN9lkWUc,1000
uri,31,spotify:playlist:6MHVjouCgTnyW0hz5F8AGb,1000
uri,32,spotify:playlist:1nWLPC8FjOn0qqcqN2qjo1,1000
uri,33,spotify:playlist:1NclHW0kPP6noz1W8rfe6u,1000
uri,34,spotify:playlist:6XwlbBHdcyfE0gC5qaNd6M,1000
uri,35,spotify:playlist:4toT0yI43PvgTPhbFPHkv2,1000
uri,36,spotify:playlist:1QNuuvFzJMBsqKHph5PyZp,1000
uri,37,spotify:playlist:3AGmkuDxOiBYwxqhdCZ8b3,1000
uri,38,spotify:playlist:491tqzAWrNUO8qn5iXQ9jy,1000
uri,39,spotify:playlist:6JTHVCLtUSVUwxqoFXKqC3,1000
uri,40,spotify:playlist:2EGSaBuNHzfsXYVhBpEQ2J,1000
uri,41,spotify:playlist:1gENxBJhe4Y3u7HQMObOIa,999
uri,42,spotify:playlist:5M4VmaCyTAH8PzuenD4ekc,999
uri,43,spotify:playlist:1YiZzeg1fhsITsxei0GU7U,999
uri,44,spotify:playlist:7Ad61TEE5PHcPyiYR9XBMj,999
uri,45,spotify:playlist:6oyw6pUwc0hWJKqYhtU3ZG,999
uri,46,spotify:playlist:7JchDXtsexnUSBnwnoy1Hx,999
uri,47,spotify:playlist:0ittbAxespheEoSmOjvdKm,999
uri,48,spotify:playlist:3bvIJQz5LZeKVyXmgJPuu5,998
uri,49,spotify:playlist:4lx4G2oij84baTkGBEpw9k,998
uri,50,spotify:playlist:198gDvZWgomIbZCsYB3JuV,998
timestamp,1,2026-03-20T02:22:45.539940,1000
timestamp,2,2026-03-20T02:22:53.931881,1000
timestamp,3,2026-03-20T02:23:11.435233,1000
timestamp,4,2026-03-20T02:23:20.914696,1000
timestamp,5,2026-03-20T02:23:52.712738,1000
timestamp,6,2026-03-20T02:24:10.266099,1000
timestamp,7,2026-03-20T02:25:32.593044,1000
timestamp,8,2026-03-20T02:25:32.110880,1000
timestamp,9,2026-03-20T02:26:18.657737,1000
timestamp,10,2026-03-20T02:27:02.479230,1000
timestamp,11,2026-03-20T02:28:01.674729,1000
timestamp,12,2026-03-20T02:28:07.141957,1000
timestamp,13,2026-03-20T02:28:08.363144,1000
timestamp,14,2026-03-20T02:28:12.993498,1000
timestamp,15,2026-03-20T02:28:32.454330,1000
timestamp,16,2026-03-20T02:29:21.792688,1000
timestamp,17,2026-03-20T02:29:52.183433,1000
timestamp,18,2026-03-20T02:29:53.761163,1000
timestamp,19,2026-03-20T02:30:05.031775,1000
timestamp,20,2026-03-20T02:30:34.402489,1000
timestamp,21,2026-03-20T02:30:43.705147,1000
timestamp,22,2026-03-20T02:31:09.687298,1000
timestamp,23,2026-03-20T02:31:10.844961,1000
timestamp,24,2026-03-20T02:31:57.565570,1000
timestamp,25,2026-03-20T02:32:21.396334,1000
timestamp,26,2026-03-20T02:33:23.065174,1000
timestamp,27,2026-03-20T02:33:58.641565,1000
timestamp,28,2026-03-20T02:34:20.761131,1000
timestamp,29,2026-03-20T02:34:51.974196,1000
timestamp,30,2026-03-20T02:35:05.482399,1000
timestamp,31,2026-03-20T02:36:11.830969,1000
timestamp,32,2026-03-20T02:36:55.615406,1000
timestamp,33,2026-03-20T02:37:31.792030,1000
timestamp,34,2026-03-20T02:38:06.672713,1000
timestamp,35,2026-03-20T02:38:09.957711,1000
timestamp,36,2026-03-20T02:39:02.310201,1000
timestamp,37,2026-03-20T02:39:09.333952,1000
timestamp,38,2026-03-20T02:39:23.993168,1000
timestamp,39,2026-03-20T02:39:34.471384,1000
timestamp,40,2026-03-20T02:40:55.423638,1000
timestamp,41,2026-03-20T02:25:53.380451,999
timestamp,42,2026-03-20T02:26:04.208567,999
timestamp,43,2026-03-20T02:27:19.752513,999
timestamp,44,2026-03-20T02:27:58.862724,999
timestamp,45,2026-03-20T02:33:08.104120,999
timestamp,46,2026-03-20T02:34:58.068157,999
timestamp,47,2026-03-20T02:35:48.641412,999
timestamp,48,2026-03-20T02:24:38.752164,998
timestamp,49,2026-03-20T02:24:49.516380,998
timestamp,50,2026-03-20T02:27:49.892047,998
trackIndex,1,1,641
trackIndex,2,2,641
trackIndex,3,3,641
trackIndex,4,4,639
trackIndex,5,5,638
trackIndex,6,6,638
trackIndex,7,7,637
trackIndex,8,8,635
trackIndex,9,9,631
trackIndex,10,10,629
trackIndex,11,11,628
trackIndex,12,12,625
trackIndex,13,13,623
trackIndex,14,14,618
trackIndex,15,15,612
trackIndex,16,16,608
trackIndex,17,17,604
trackIndex,18,18,602
trackIndex,19,19,599
trackIndex,20,20,596
trackIndex,21,21,596
trackIndex,22,22,588
trackIndex,23,23,585
trackIndex,24,24,582
trackIndex,25,25,578
trackIndex,26,26,572
trackIndex,27,27,571
trackIndex,28,28,567
trackIndex,29,29,564
trackIndex,30,30,558
trackIndex,31,31,553
trackIndex,32,32,550
trackIndex,33,33,548
trackIndex,34,34,546
trackIndex,35,35,539
trackIndex,36,36,533
trackIndex,37,37,530
trackIndex,38,38,523
trackIndex,39,39,519
trackIndex,40,40,516
trackIndex,41,41,508
trackIndex,42,42,504
trackIndex,43,43,497
trackIndex,44,44,494
trackIndex,45,45,493
trackIndex,46,46,489
trackIndex,47,47,487
trackIndex,48,48,486
trackIndex,49,49,479
trackIndex,50,50,475
trackName,1,Funeral,916
trackName,2,Home,112
trackName,3,Amazing Grace,91
trackName,4,Stay,80
trackName,5,Runaway,78
trackName,6,Creep,77
trackName,7,Heaven,76
trackName,8,Numb,69
trackName,9,Monster,67
trackName,10,Hallelujah,64
trackName,11,Forever,63
trackName,12,Iris,63
trackName,13,Hold On,60
trackName,14,Memories,60
trackName,15,The Night We Met,58
trackName,16,No Surprises,57
trackName,17,Angel,56
trackName,18,Moonlight,55
trackName,19,My Way,53
trackName,20,Wish You Were Here,53
trackName,21,See You Again (feat. Charlie Puth),52
trackName,22,Ride,52
trackName,23,I Hate Everything About You,51
trackName,24,Lose Control,51
trackName,25,Heartless,50
trackName,26,Yellow,49
trackName,27,Sweater Weather,49
trackName,28,Lost,49
trackName,29,Mr. Brightside,49
trackName,30,Pain,48
trackName,31,All I Want,48
trackName,32,Let Down,48
trackName,33,Zombie,48
trackName,34,All I Need,48
trackName,35,Ghost,47
trackName,36,In My Room,47
trackName,37,Homecoming,47
trackName,38,Flashing Lights,47
trackName,39,505,47
trackName,40,Smells Like Teen Spirit,47
trackName,41,Bring Me To Life,47
trackName,42,Money Trees,47
trackName,43,Come a Little Closer,47
trackName,44,Fourth of July,46
trackName,45,See You Again (feat. Kali Uchis),46
trackName,46,Poison,46
trackName,47,Everlong,45
trackName,48,Insane,45
trackName,49,Hurricane,44
trackName,50,How to Save a Life,44
trackId,1,3rJDsZjIaCfJQSqRUvl0BM,307
trackId,2,4GvdsVns332wQ3JsWAg2OV,286
trackId,3,1cXbqxstF4p2EMysm18xZN,272
trackId,4,10nyNJ6zNy2YVYLrcwLccB,54
trackId,5,70LcF31zb1H0PyJoS1Sx1r,50
trackId,6,6Qyc6fS4DsZjB2mRW9DsQs,47
trackId,7,2fuYa3Lx06QQJAm0MjztKr,46
trackId,8,7KA4W4McWYRpgf0fWsJZWB,46
trackId,9,0COqiPhxzoWICwFCS4eZcp,45
trackId,10,3AJwUDP919kvQ9QcozQPxg,44
trackId,11,5fVZC9GiM4e8vu99W0Xf6J,43
trackId,12,5UWwZ5lm5PKu6eKsHAGxOk,43
trackId,13,0d28khcov6AiegSCpG5TuT,42
trackId,14,5Qnrgqy1pAm9GyNQOgyVFz,41
trackId,15,4VuS959DSpr82t3qBqCrWG,41
trackId,16,2QjOHCTQ1Jl3zawyYOpxh6,41
trackId,17,7j31rVgGX9Q2blT92VBEA0,40
trackId,18,2JzZzZUQj3Qff7wapcbKjc,39
trackId,19,75JFxkI2RXiU7L9VXzMkle,39
trackId,20,5FVd6KXrgO9B3JPmC8OPst,38
trackId,21,51c94ac31swyDQj9B3Lzs3,38
trackId,22,60a0Rd6pjrkxjPbaKzXjfq,37
trackId,23,3DK6m7It6Pw857FcQftMds,37
trackId,24,2LMkwUfqC6S6s6qDVlEuzV,36
trackId,25,5XeFesFbtLpXzIVDNQP22n,36
trackId,26,7D0RhFcb3CrfPuTJ0obrod,35
trackId,27,5TRPicyLGbAF2LGBFbHGvO,35
trackId,28,2DlHlPMa4M17kufBvI2lEN,35
trackId,29,6Jv7kjGkhY2fT4yuBF3aTz,34
trackId,30,6IZvVAP7VPPnsGX6bvgkqg,34
trackId,31,3sNVsP50132BTNlImLx70i,34
trackId,32,3xKsf9qdS1CyvXSMEid6g8,34
trackId,33,58ge6dfP91o9oXMzq3XkIS,33
trackId,34,6K4t31amVTZDgR3sKmwUJJ,33
trackId,35,5TxRUOsGeWeRl3xOML59Ai,33
trackId,36,40riOy7x9W7GXjyGp4pjAv,33
trackId,37,3CRDbSIZ4r5MsZ0YwxuEkn,33
trackId,38,3qhlB30KknSejmIvZZLjOD,32
trackId,39,2nLtzopw4rPReszdYBJU6h,32
trackId,40,56sk7jBpZV0CD31G9hEU3b,31
trackId,41,1IT0WQk5J8NsaeII8ktdlZ,31
trackId,42,5Qv2Nby1xTr9pQyjkrc94J,31
trackId,43,0z1o5L7HJx562xZSATcIpY,31
trackId,44,6L89mwZXSOwYl76YXfX13s,31
trackId,45,1G391cbiT3v3Cywg8T7DM1,31
trackId,46,2PpruBYCo4H7WOBJ7Q2EwM,31
trackId,47,4EWCNWgDS8707fNSZ1oaA5,31
trackId,48,003vvx7Niy0yvhvHt4a68B,31
trackId,49,3ZffCQKLFLUvYM59XKLbVm,30
trackId,50,3GYlZ7tbxLOxe6ewMNVTkw,30
trackArtists,1,Phoebe Bridgers,1099
trackArtists,2,$uicideboy$,959
trackArtists,3,Drake,877
trackArtists,4,Kanye West,829
trackArtists,5,Radiohead,802
trackArtists,6,Kendrick Lamar,670
trackArtists,7,Billie Eilish,650
trackArtists,8,My Chemical Romance,623
trackArtists,9,Taylor Swift,588
trackArtists,10,Three Days Grace,572
trackArtists,11,Nirvana,550
trackArtists,12,Deftones,520
trackArtists,13,Mac Miller,497
trackArtists,14,Arctic Monkeys,487
trackArtists,15,Lil Uzi Vert,477
trackArtists,16,Lana Del Rey,464
trackArtists,17,Pierce The Veil,449
trackArtists,18,"Tyler, The Creator",447
trackArtists,19,Metallica,441
trackArtists,20,The Smiths,427
trackArtists,21,Linkin Park,419
trackArtists,22,Frank Ocean,419
trackArtists,23,Travis Scott,405
trackArtists,24,The Beatles,399
trackArtists,25,Green Day,394
trackArtists,26,System Of A Down,390
trackArtists,27,Coldplay,383
trackArtists,28,Mitski,379
trackArtists,29,Panic! At The Disco,374
trackArtists,30,Twenty One Pilots,371
trackArtists,31,Eminem,366
trackArtists,32,J. Cole,365
trackArtists,33,The Weeknd,355
trackArtists,34,Playboi Carti,355
trackArtists,35,XXXTENTACION,352
trackArtists,36,Juice WRLD,343
trackArtists,37,Lil Peep,340
trackArtists,38,Harry Styles,333
trackArtists,39,Paramore,333
trackArtists,40,Fall Out Boy,332
trackArtists,41,Lady Gaga,329
trackArtists,42,Childish Gambino,314
trackArtists,43,Korn,306
trackArtists,44,The Neighbourhood,304
trackArtists,45,Mac DeMarco,290
trackArtists,46,Olivia Rodrigo,285
trackArtists,47,funeral,281
trackArtists,48,Joji,278
trackArtists,49,Future,272
trackArtists,50,Ed Sheeran,270
trackArtistIds,1,1r1uxoy19fzMxunt3ONAkG,1099
trackArtistIds,2,1VPmR4DJC1PlOtd0IADAO0,959
trackArtistIds,3,3TVXtAsR1Inumwj472S9r4,877
trackArtistIds,4,5K4W6rqBFWDnAN6FQUkS6x,829
trackArtistIds,5,4Z8W4fKeB5YxbusRsdQVPb,802
trackArtistIds,6,2YZyLoL8N0Wb9xBt1NhZWg,670
trackArtistIds,7,6qqNVTkY8uBg9cP3Jd7DAH,650
trackArtistIds,8,7FBcuc1gsnv6Y1nwFtNRCb,623
trackArtistIds,9,06HL4z0CvFAxyc27GXpf02,588
trackArtistIds,10,2xiIXseIJcq3nG7C8fHeBj,572
trackArtistIds,11,6olE6TJLqED3rqDCT0FyPh,550
trackArtistIds,12,6Ghvu1VvMGScGpOUJBAHNH,520
trackArtistIds,13,4LLpKhyESsyAXpc4laK94U,497
trackArtistIds,14,7Ln80lUS6He07XvHI8qqHH,487
trackArtistIds,15,4O15NlyKLIASxsJ0PrXPfz,477
trackArtistIds,16,00FQb4jTyendYWaN8pK0wa,464
trackArtistIds,17,4iJLPqClelZOBCBifm8Fzv,449
trackArtistIds,18,4V8LLVI7PbaPR0K2TGSxFF,447
trackArtistIds,19,2ye2Wgw4gimLv2eAKyk1NB,441
trackArtistIds,20,3yY2gUcIsjMr8hjo51PoJ8,427
trackArtistIds,21,6XyY86QOPPrYVGvF9ch6wz,419
trackArtistIds,22,2h93pZq0e7k5yf4dywlkpM,419
trackArtistIds,23,0Y5tJX1MQlPlqiwlOH1tJY,405
trackArtistIds,24,3WrFJ7ztbogyGnTHbHJFl2,399
trackArtistIds,25,7oPftvlwr6VrsViSDV7fJY,394
trackArtistIds,26,5eAWCfyUhZtHHtBdNk56l1,390
trackArtistIds,27,4gzpq5DPGxSnKTe4SA8HAU,383
trackArtistIds,28,2uYWxilOVlUdk4oV9DvwqK,379
trackArtistIds,29,20JZFwl6HVl6yg8a4H3ZqK,374
trackArtistIds,30,3YQKmKGau1PzlVlkL1iodx,371
trackArtistIds,31,7dGJo4pcD2V6oG8kP0tJRR,366
trackArtistIds,32,6l3HvQ5sa6mXTsMTB19rO5,365
trackArtistIds,33,1Xyo4u8uXC1ZmMpatF05PJ,355
trackArtistIds,34,699OTQXzgjhIYAHMy9RyPD,355
trackArtistIds,35,15UsOTVnJzReFVN1VCnxy4,352
trackArtistIds,36,4MCBfE4596Uoi2O4DtmEMz,343
trackArtistIds,37,2kCcBybjl3SAtIcwdWpUe3,340
trackArtistIds,38,6KImCVD70vtIoJWnq6nGn3,333
trackArtistIds,39,74XFHRwlV6OrjEM0A2NCMF,333
trackArtistIds,40,4UXqAaa6dQYAk18Lv7PEgX,332
trackArtistIds,41,1HY2Jd0NmPuamShAr6KMms,329
trackArtistIds,42,73sIBHcqh3Z3NyqHKZ7FOL,314
trackArtistIds,43,3RNrq3jvMZxD9ZyoOZbQOD,306
trackArtistIds,44,77SW9BnxLY8rJ0RciFqkHh,304
trackArtistIds,45,3Sz7ZnJQBIHsXLUSo0OQtM,290
trackArtistIds,46,1McMsnEElThX1knmY4oliG,285
trackArtistIds,47,3f0Mhz0oXmnsnehuEGTrfd,281
trackArtistIds,48,3MZsBdqDrRTJihTHQrO6Dq,278
trackArtistIds,49,1RyvyyTE3xzB2ZywiAwp0i,272
trackArtistIds,50,6eUKZXaKkcviH0Ku9w2n3V,270
plays,1,0,1072
plays,2,199701923,612
plays,3,4204508,273
plays,4,2776276196,60
plays,5,1294184878,58
plays,6,3211138474,54
plays,7,2359677705,53
plays,8,717820053,53
plays,9,3654308392,51
plays,10,1201126532,50
plays,11,3082179988,49
plays,12,1896457551,48
plays,13,1679696390,47
plays,14,2170878217,47
plays,15,2730587366,46
plays,16,2839420059,46
plays,17,637590546,45
plays,18,4466800225,45
plays,19,1663376735,45
plays,20,3651197385,44
plays,21,1668961980,44
plays,22,2286508190,42
plays,23,3396194453,42
plays,24,1280277635,42
plays,25,1973534328,42
plays,26,840548187,41
plays,27,2787564581,41
plays,28,2917895798,41
plays,29,2049080333,40
plays,30,1971291391,40
plays,31,2813509609,40
plays,32,2660330367,39
plays,33,718582208,39
plays,34,1230562969,39
plays,35,2391614221,39
plays,36,1950572376,38
plays,37,3673923614,38
plays,38,3067959744,38
plays,39,1731446328,38
plays,40,3094376021,38
plays,41,1003401793,37
plays,42,2554607765,37
plays,43,1113632042,37
plays,44,1152254812,37
plays,45,1127395504,37
plays,46,1029338650,36
plays,47,1103391021,36
plays,48,2336710161,36
plays,49,3371539322,36
plays,50,1978299479,35
trackDuration,1,232373,618
trackDuration,2,222256,273
trackDuration,3,180000,183
trackDuration,4,192000,153
trackDuration,5,144000,122
trackDuration,6,160000,118
trackDuration,7,240000,98
trackDuration,8,178000,85
trackDuration,9,120000,82
trackDuration,10,204000,82
trackDuration,11,256000,78
trackDuration,12,217000,76
trackDuration,13,224000,73
trackDuration,14,266773,70
trackDuration,15,229120,69
trackDuration,16,231400,68
trackDuration,17,156000,68
trackDuration,18,168000,64
trackDuration,19,262533,62
trackDuration,20,212000,62
trackDuration,21,231480,61
trackDuration,22,238640,61
trackDuration,23,237506,61
trackDuration,24,211000,61
trackDuration,25,219333,60
trackDuration,26,214400,60
trackDuration,27,216880,60
trackDuration,28,230400,59
trackDuration,29,289533,58
trackDuration,30,208000,57
trackDuration,31,193000,57
trackDuration,32,200000,56
trackDuration,33,280000,56
trackDuration,34,235893,55
trackDuration,35,186000,55
trackDuration,36,180386,55
trackDuration,37,229525,54
trackDuration,38,150000,54
trackDuration,39,216000,54
trackDuration,40,217866,53
trackDuration,41,152000,52
trackDuration,42,153600,52
trackDuration,43,240400,51
trackDuration,44,177000,51
trackDuration,45,227093,50
trackDuration,46,170000,50
trackDuration,47,203506,50
trackDuration,48,142000,49
trackDuration,49,216320,49
trackDuration,50,234093,49
albumName,1,Greatest Hits,383
albumName,2,Stranger in the Alps,376
albumName,3,Stranger in the Alps (Deluxe Edition),318
albumName,4,Funeral,287
albumName,5,Graduation,251
albumName,6,Insane,237
albumName,7,OK Computer,223
albumName,8,Blonde,220
albumName,9,AM,203
albumName,10,Don't look back,201
albumName,11,DAMN.,197
albumName,12,IGOR,184
albumName,13,"good kid, m.A.A.d city (Deluxe)",177
albumName,14,My Beautiful Dark Twisted Fantasy,175
albumName,15,One-X,170
albumName,16,Nevermind (Remastered),170
albumName,17,Collide With The Sky,165
albumName,18,The Black Parade,164
albumName,19,ASTROWORLD,164
albumName,20,Mr. Morale & The Big Steppers,162
albumName,21,MUSIC,160
albumName,22,channel ORANGE,148
albumName,23,"WHEN WE ALL FALL ASLEEP, WHERE DO WE GO?",147
albumName,24,The Life Of Pablo,147
albumName,25,To Pimp A Butterfly,146
albumName,26,Late Registration,144
albumName,27,Certified Lover Boy,144
albumName,28,Toxicity,142
albumName,29,The College Dropout,141
albumName,30,Three Cheers for Sweet Revenge,139
albumName,31,CHROMAKOPIA,138
albumName,32,HIT ME HARD AND SOFT,137
albumName,33,Whole Lotta Red,137
albumName,34,Blurryface,137
albumName,35,Her Loss,136
albumName,36,SOUR,134
albumName,37,Take Care (Deluxe),134
albumName,38,Happier Than Ever,133
albumName,39,GNX,132
albumName,40,Cigarettes After Sex,132
albumName,41,Views,130
albumName,42,The Rise and Fall of a Midwest Princess,130
albumName,43,Weezer,130
albumName,44,Currents,129
albumName,45,UTOPIA,128
albumName,46,?,127
albumName,47,Die Lit,126
albumName,48,songs,125
albumName,49,17,123
albumName,50,Luv Is Rage 2,122
albumId,1,0qWcLfCZ8wtcoOdX14oGNI,355
albumId,2,5rcJ5xCMYYLCgGilFDKRZl,312
albumId,3,0T7PCmREdhRHHUFCkdojyw,272
albumId,4,7aNcGD0ENizhbEgt9GBiDY,226
albumId,5,3mH6qwIy9crq0I9YQbOuDf,220
albumId,6,6dVIqQ8qmQ5GBnJ9shOYGE,212
albumId,7,16bywctLJ3do55VVNzia1M,201
albumId,8,78bpIziExqiI9qztvNFlQu,196
albumId,9,4SZko61aMnmgvNhfhgTuD3,195
albumId,10,4eLPsYPBmXABThSJ821sqY,194
albumId,11,5zi7WsKlIiUXv09tbGLKsE,184
albumId,12,20r762YmB5HeofjMCiPMLv,175
albumId,13,0FZK97MXMm5mUQ8mtudjuK,164
albumId,14,41GuZcammIkupMPKH2OJ6I,162
albumId,15,661Hz0qJK8WIp7vAWsqKvk,160
albumId,16,0fSfkmx0tdPqFYkJuNX74a,160
albumId,17,3DGQ1iZ9XKUQxAUWjfC34w,159
albumId,18,392p3shh2jkxUxY2VHvlH8,148
albumId,19,0S0KGZnfBGSIssfF54WSJh,147
albumId,20,7ycBtnsMtyVbbwTfJwRjSP,145
albumId,21,7gsWAHLeT0w7es6FofOXk1,145
albumId,22,3SpBlxme9WbeQdI9kx7KAV,144
albumId,23,3DuiGV3J09SUhvp8gqNx8h,139
albumId,24,0U28P0QVB1QRxpqp5IHOlH,138
albumId,25,7aJuG4TFXa2hmE4z1yxc3n,137
albumId,26,3cQO7jp5S9qLBoIVtbkSM1,137
albumId,27,2QRedhP5RmKJiJ1i8VgDGR,136
albumId,28,5MS3MvWHJ3lOZPLiMxzOU6,136
albumId,29,4Uv86qWpGTxf7fU7lG5X6F,135
albumId,30,4ZDwEvXIKxWdwhAQK8ndBU,134
albumId,31,5ll74bqtkcXlKE7wwkMq4g,134
albumId,32,6jWde94ln40epKIQCd8XUh,134
albumId,33,6s84u2TUpR3wdUv4NgKA2j,134
albumId,34,2guirTSEqLizK7j9i1MTTZ,134
albumId,35,6X1x82kppWZmDzlXXK3y3q,131
albumId,36,0JGOiO34nwfUdDrD612dOp,129
albumId,37,79dL7FLiJFOO0EoehUHQBv,129
albumId,38,18NOKLkZETa4sWwLMIm0UZ,128
albumId,39,0hvT3yIEysuuvkK73vgdcW,126
albumId,40,7dAm8ShwJLFm9SaJ6Yc58O,126
albumId,41,2Ti79nwTsont5ZHfdxIzAm,124
albumId,42,2Qt8Z1LB3Fsrf6nhBNsvUJ,124
albumId,43,733e1ZfktLSwj96X5rsMeE,122
albumId,44,1kCHru7uhxBUdzkm4gzRQc,120
albumId,45,5VdyJkLe3yvOs0l4xXbWp0,119
albumId,46,79ONNoS4M9tfIA1mYLBYVX,119
albumId,47,40GMAhriYJRO1rsY4YdrZb,117
albumId,48,2nkto6YNI4rUYTLqEwWJ3o,117
albumId,49,7txGsnDSqVMoRl6RQ9XyZP,117
albumId,50,4rJgzzfFHAVFhCSt2P4I3j,116
albumArt,1,https://i.scdn.co/image/ab67616d0000b2736c26e4a2e4df94a55591c48f,355
albumArt,2,https://i.scdn.co/image/ab67616d0000b27308afb5dc296054856909f8fd,312
albumArt,3,https://i.scdn.co/image/ab67616d0000b273e74be6461b20fe763afb2494,272
albumArt,4,https://i.scdn.co/image/ab67616d0000b2731c577e6ad6c142b072c37ee7,226
albumArt,5,https://i.scdn.co/image/ab67616d0000b273c5649add07ed3720be9d5526,220
albumArt,6,https://i.scdn.co/image/ab67616d0000b273c8b444df094279e70d0ed856,212
albumArt,7,https://i.scdn.co/image/ab67616d0000b2737e2223b49e3ebb0e70ca8031,201
albumArt,8,https://i.scdn.co/image/ab67616d0000b2734ae1c4c5c45aabe565499163,196
albumArt,9,https://i.scdn.co/image/ab67616d0000b27326f7f19c7f0381e56156c94a,195
albumArt,10,https://i.scdn.co/image/ab67616d0000b2738b52c6b9bc4e43d873869699,194
albumArt,11,https://i.scdn.co/image/ab67616d0000b27330a635de2bb0caa4e26f6abb,184
albumArt,12,https://i.scdn.co/image/ab67616d0000b273d9194aa18fa4c9362b47464f,175
albumArt,13,https://i.scdn.co/image/ab67616d0000b27317f77fab7e8f18d5f9fee4a1,164
albumArt,14,https://i.scdn.co/image/ab67616d0000b273daec894c14c0ca42d76eeb32,162
albumArt,15,https://i.scdn.co/image/ab67616d0000b273077cac00c2d9075e6f742570,160
albumArt,16,https://i.scdn.co/image/ab67616d0000b2736b219c8d8462bfe254a20469,160
albumArt,17,https://i.scdn.co/image/ab67616d0000b273d58e537cea05c2156792c53d,159
albumArt,18,https://i.scdn.co/image/ab67616d0000b2737aede4855f6d0d738012e2e5,148
albumArt,19,https://i.scdn.co/image/ab67616d0000b27350a3147b4edd7701a876c6ce,147
albumArt,20,https://i.scdn.co/image/ab67616d0000b273cdb645498cd3d8a2db4d05e1,145
albumArt,21,https://i.scdn.co/image/ab67616d0000b2732a7db835b912dc5014bd37f4,145
albumArt,22,https://i.scdn.co/image/ab67616d0000b273cd945b4e3de57edd28481a3f,144
albumArt,23,https://i.scdn.co/image/ab67616d0000b273cab7ae4868e9f9ce6bdfdf43,139
albumArt,24,https://i.scdn.co/image/ab67616d0000b273084a94988541c2402615d014,138
albumArt,25,https://i.scdn.co/image/ab67616d0000b27371d62ea7ea8a5be92d3c1f62,137
albumArt,26,https://i.scdn.co/image/ab67616d0000b2732df0d98a423025032d0db1f7,137
albumArt,27,https://i.scdn.co/image/ab67616d0000b27398ea0e689c91f8fea726d9bb,136
albumArt,28,https://i.scdn.co/image/ab67616d0000b27302854a7060fccc1a66a4b5ad,136
albumArt,29,https://i.scdn.co/image/ab67616d0000b27325b055377757b3cdd6f26b78,135
albumArt,30,https://i.scdn.co/image/ab67616d0000b273e773763694ac5eb7f2aa0a37,134
albumArt,31,https://i.scdn.co/image/ab67616d0000b273428d2255141c2119409a31b2,134
albumArt,32,https://i.scdn.co/image/ab67616d0000b27307bc7d2a745636c356b4d0aa,134
albumArt,33,https://i.scdn.co/image/ab67616d0000b273a91c10fe9472d9bd89802e5a,134
albumArt,34,https://i.scdn.co/image/ab67616d0000b273e175a19e530c898d167d39bf,134
albumArt,35,https://i.scdn.co/image/ab67616d0000b273c7ea04a9b455e3f68ef82550,131
albumArt,36,https://i.scdn.co/image/ab67616d0000b2732a038d3bf875d23e4aeaa84e,129
albumArt,37,https://i.scdn.co/image/ab67616d0000b2739e1cfc756886ac782e363d79,129
albumArt,38,https://i.scdn.co/image/ab67616d0000b27304481c826dd292e5e4983b3f,128
albumArt,39,https://i.scdn.co/image/ab67616d0000b273d9985092cd88bffd97653b58,126
albumArt,40,https://i.scdn.co/image/ab67616d0000b273a1e867d40e7bb29ced5c0194,126
albumArt,41,https://i.scdn.co/image/ab67616d0000b273806c160566580d6335d1f16c,124
albumArt,42,https://i.scdn.co/image/ab67616d0000b2738ebe185fc4824bc6e568b511,124
albumArt,43,https://i.scdn.co/image/ab67616d0000b273f23aee9d3be9fcbca1bc6352,122
albumArt,44,https://i.scdn.co/image/ab67616d0000b273d72fb5571087bca0a2fed008,120
albumArt,45,https://i.scdn.co/image/ab67616d0000b273203c89bd4391468eea4cc3f5,119
albumArt,46,https://i.scdn.co/image/ab67616d0000b2732e02117d76426a08ac7c174f,119
albumArt,47,https://i.scdn.co/image/ab67616d0000b2739416ed64daf84936d89e671c,117
albumArt,48,https://i.scdn.co/image/ab67616d0000b2738940ac99f49e44f59e6f7fb3,117
albumArt,49,https://i.scdn.co/image/ab67616d0000b273c4fee55d7b51479627c31f89,117
albumArt,50,https://i.scdn.co/image/ab67616d0000b273e31a279d267f3b3d8912e6f1,116
contentRating,1,NONE,119215
contentRating,2,EXPLICIT,52855
addedAt,1,1970-01-01T00:00:00+00:00,2614
addedAt,2,2023-02-17T23:51:33+00:00,1000
addedAt,3,2026-01-05T02:14:09+00:00,1000
addedAt,4,2021-11-14T21:19:48+00:00,999
addedAt,5,2023-06-18T20:04:29+00:00,960
addedAt,6,2025-07-13T20:57:22+00:00,918
addedAt,7,2025-08-16T18:47:14+00:00,738
addedAt,8,2025-05-25T18:48:00+00:00,704
addedAt,9,2024-02-22T02:14:12.679000+00:00,545
addedAt,10,2026-03-04T21:03:02+00:00,440
addedAt,11,2025-09-11T14:20:03+00:00,424
addedAt,12,2023-01-02T20:49:55+00:00,290
addedAt,13,2026-03-13T22:27:15+00:00,283
addedAt,14,2025-09-26T09:41:02+00:00,281
addedAt,15,2023-01-02T20:50:48+00:00,261
addedAt,16,2025-05-22T18:16:19+00:00,241
addedAt,17,2025-10-22T13:41:54+00:00,238
addedAt,18,2024-12-06T20:29:32+00:00,212
addedAt,19,2023-01-02T20:47:45+00:00,190
addedAt,20,2025-09-26T14:36:39+00:00,187
addedAt,21,2020-08-12T23:08:05+00:00,181
addedAt,22,2025-09-26T14:36:51+00:00,163
addedAt,23,2024-09-06T18:17:39+00:00,147
addedAt,24,2024-03-27T07:10:39.399000+00:00,144
addedAt,25,2025-02-16T16:02:23+00:00,138
addedAt,26,2025-11-25T16:35:57+00:00,122
addedAt,27,2024-03-27T06:59:35.549000+00:00,113
addedAt,28,2024-12-06T20:29:14+00:00,106
addedAt,29,2023-01-02T20:46:15+00:00,104
addedAt,30,2022-08-16T22:51:43+00:00,103
addedAt,31,2026-03-06T18:07:43.908000+00:00,100
addedAt,32,2026-03-06T18:07:40.693000+00:00,100
addedAt,33,2020-08-12T23:08:17+00:00,100
addedAt,34,2026-03-06T15:24:26.821000+00:00,100
addedAt,35,2025-12-28T05:28:42.033000+00:00,100
addedAt,36,2025-12-28T05:28:43.159000+00:00,100
addedAt,37,2025-12-28T05:28:43.724000+00:00,100
addedAt,38,2025-12-28T05:28:45.033000+00:00,100
addedAt,39,2025-12-28T05:28:47.743000+00:00,100
addedAt,40,2025-12-28T05:28:49.001000+00:00,100
addedAt,41,2019-08-12T04:49:59+00:00,99
addedAt,42,2025-12-28T05:28:41.392000+00:00,99
addedAt,43,2025-12-28T05:28:47.082000+00:00,99
addedAt,44,2025-12-28T05:28:49.706000+00:00,99
addedAt,45,2023-09-13T02:54:34+00:00,99
addedAt,46,2025-11-26T19:24:26+00:00,98
addedAt,47,2025-12-28T05:28:50.636000+00:00,98
addedAt,48,2020-12-15T12:02:53+00:00,95
addedAt,49,2025-12-27T19:29:13+00:00,93
addedAt,50,2024-10-07T02:39:08+00:00,91
trackNumber,1,1,49067
trackNumber,2,2,18306
trackNumber,3,3,16018
trackNumber,4,4,13434
trackNumber,5,5,11355
trackNumber,6,6,10214
trackNumber,7,7,8810
trackNumber,8,8,7411
trackNumber,9,9,6755
trackNumber,10,10,6413
trackNumber,11,11,5265
trackNumber,12,12,4474
trackNumber,13,13,3409
trackNumber,14,14,2424
trackNumber,15,15,1849
trackNumber,16,16,1481
trackNumber,17,17,1060
trackNumber,18,18,910
trackNumber,19,19,565
trackNumber,20,20,549
trackNumber,21,21,337
trackNumber,22,22,291
trackNumber,23,23,260
trackNumber,24,24,189
trackNumber,25,25,151
trackNumber,26,26,130
trackNumber,27,29,78
trackNumber,28,30,77
trackNumber,29,27,73
trackNumber,30,28,71
trackNumber,31,33,45
trackNumber,32,32,41
trackNumber,33,31,39
trackNumber,34,34,37
trackNumber,35,35,28
trackNumber,36,36,25
trackNumber,37,37,24
trackNumber,38,39,22
trackNumber,39,38,21
trackNumber,40,41,15
trackNumber,41,48,15
trackNumber,42,42,15
trackNumber,43,40,13
trackNumber,44,43,13
trackNumber,45,44,12
trackNumber,46,46,10
trackNumber,47,45,10
trackNumber,48,57,7
trackNumber,49,68,7
trackNumber,50,49,7
